{
  "career_accuracy": 0.9142156862745098,
  "career_f1": 0.9141082795596928,
  "career_cv_mean": 0.9255054417744223,
  "salary_r2": 0.9999836562982412,
  "salary_rmse": 3370.1197884478343,
  "duration_seconds": 121.236928,
  "data_records": 2717,
  "timestamp": "2026-04-30T15:46:21.858539"
}